NetName,DrivingNode,TVLA
n13,U19,1.262667
n17,U25,1.220656
n16,U11,1.685240
n12,U20,0.300459
n8,U12,0.573344
n15,U15,0.922695
DFF_2_N3,U21,14.064788
n10,U16,1.411720
n18,U13,0.565626
n14,U23,0.485062
n7,U10,1.048514
n9,U14,0.219346
G17,U22,1.801264
DFF_0_N3,U24,34.947953
DFF_1_N3,U17,1.048514
n11,U18,7.072906

Overall = 68.630756