NetName,DrivingNode,TVLA
n11,U7,2.003710
n8,U10,4.821203
n9,U12,3.330197
n10,U13,2.023135
n7,U8,1.771459
N23,U9,0.000000
N22,U11,0.000000

Overall = 13.949705