NetName,DrivingNode,TVLA
n11,U7,0.409379
n8,U10,0.074885
n9,U12,0.076200
n10,U13,0.481917
n7,U8,0.021059
N23,U9,0.000000
N22,U11,0.000000

Overall = 1.063440